{
  "C:\\Users\\cleme\\Documents\\Meet\\meet\\auth-server": {
    "versionSfCore": null,
    "versionFramework": "4.1.16",
    "isWithinCompose": false,
    "isCompose": false,
    "composeOrgName": null,
    "composeResolverProviders": {
      "file": {
        "instance": {
          "credentials": "<REDACTED>",
          "serviceConfigFile": {
            "service": "auth-server",
            "provider": {
              "name": "aws",
              "runtime": "nodejs20.x",
              "region": "us-east-1",
              "stage": "dev",
              "timeout": 30,
              "environment": {
                "CLIENT_ID": "102821349611-ullfn1o9snf6690b6nsp0ied7rm3bmv9.apps.googleusercontent.com",
                "CLIENT_SECRET": "<REDACTED>",
                "CALENDAR_ID": "fullstackwebdev@careerfoundry.com"
              },
              "versionFunctions": true,
              "compiledCloudFormationTemplate": {
                "AWSTemplateFormatVersion": "2010-09-09",
                "Description": "The AWS CloudFormation template for this Serverless application",
                "Resources": {
                  "ServerlessDeploymentBucket": {
                    "Type": "AWS::S3::Bucket",
                    "Properties": {
                      "BucketEncryption": {
                        "ServerSideEncryptionConfiguration": [
                          {
                            "ServerSideEncryptionByDefault": {
                              "SSEAlgorithm": "AES256"
                            }
                          }
                        ]
                      }
                    }
                  },
                  "ServerlessDeploymentBucketPolicy": {
                    "Type": "AWS::S3::BucketPolicy",
                    "Properties": {
                      "Bucket": {
                        "Ref": "ServerlessDeploymentBucket"
                      },
                      "PolicyDocument": {
                        "Statement": [
                          {
                            "Action": "s3:*",
                            "Effect": "Deny",
                            "Principal": "*",
                            "Resource": [
                              {
                                "Fn::Join": [
                                  "",
                                  [
                                    "arn:",
                                    {
                                      "Ref": "AWS::Partition"
                                    },
                                    ":s3:::",
                                    {
                                      "Ref": "ServerlessDeploymentBucket"
                                    },
                                    "/*"
                                  ]
                                ]
                              },
                              {
                                "Fn::Join": [
                                  "",
                                  [
                                    "arn:",
                                    {
                                      "Ref": "AWS::Partition"
                                    },
                                    ":s3:::",
                                    {
                                      "Ref": "ServerlessDeploymentBucket"
                                    }
                                  ]
                                ]
                              }
                            ],
                            "Condition": {
                              "Bool": {
                                "aws:SecureTransport": false
                              }
                            }
                          }
                        ]
                      }
                    }
                  },
                  "GetAuthURLLogGroup": {
                    "Type": "AWS::Logs::LogGroup",
                    "Properties": {
                      "LogGroupName": "/aws/lambda/auth-server-dev-getAuthURL"
                    }
                  },
                  "GetAccessTokenLogGroup": "<REDACTED>",
                  "GetCalendarEventsLogGroup": {
                    "Type": "AWS::Logs::LogGroup",
                    "Properties": {
                      "LogGroupName": "/aws/lambda/auth-server-dev-getCalendarEvents"
                    }
                  },
                  "IamRoleLambdaExecution": {
                    "Type": "AWS::IAM::Role",
                    "Properties": {
                      "AssumeRolePolicyDocument": {
                        "Version": "2012-10-17",
                        "Statement": [
                          {
                            "Effect": "Allow",
                            "Principal": {
                              "Service": [
                                "lambda.amazonaws.com"
                              ]
                            },
                            "Action": [
                              "sts:AssumeRole"
                            ]
                          }
                        ]
                      },
                      "Policies": [
                        {
                          "PolicyName": {
                            "Fn::Join": [
                              "-",
                              [
                                "auth-server",
                                "dev",
                                "lambda"
                              ]
                            ]
                          },
                          "PolicyDocument": {
                            "Version": "2012-10-17",
                            "Statement": [
                              {
                                "Effect": "Allow",
                                "Action": [
                                  "logs:CreateLogStream",
                                  "logs:CreateLogGroup",
                                  "logs:TagResource"
                                ],
                                "Resource": [
                                  {
                                    "Fn::Sub": "arn:${AWS::Partition}:logs:${AWS::Region}:${AWS::AccountId}:log-group:/aws/lambda/auth-server-dev*:*"
                                  }
                                ]
                              },
                              {
                                "Effect": "Allow",
                                "Action": [
                                  "logs:PutLogEvents"
                                ],
                                "Resource": [
                                  {
                                    "Fn::Sub": "arn:${AWS::Partition}:logs:${AWS::Region}:${AWS::AccountId}:log-group:/aws/lambda/auth-server-dev*:*:*"
                                  }
                                ]
                              }
                            ]
                          }
                        }
                      ],
                      "Path": "/",
                      "RoleName": {
                        "Fn::Join": [
                          "-",
                          [
                            "auth-server",
                            "dev",
                            {
                              "Ref": "AWS::Region"
                            },
                            "lambdaRole"
                          ]
                        ]
                      }
                    }
                  },
                  "GetAuthURLLambdaFunction": {
                    "Type": "AWS::Lambda::Function",
                    "Properties": {
                      "Code": {
                        "S3Bucket": {
                          "Ref": "ServerlessDeploymentBucket"
                        },
                        "S3Key": "serverless/auth-server/dev/1721765707684-2024-07-23T20:15:07.684Z/auth-server.zip"
                      },
                      "Handler": "handler.getAuthURL",
                      "Runtime": "nodejs20.x",
                      "FunctionName": "auth-server-dev-getAuthURL",
                      "MemorySize": 1024,
                      "Timeout": 30,
                      "Environment": {
                        "Variables": {
                          "CLIENT_ID": "102821349611-ullfn1o9snf6690b6nsp0ied7rm3bmv9.apps.googleusercontent.com",
                          "CLIENT_SECRET": "<REDACTED>",
                          "CALENDAR_ID": "fullstackwebdev@careerfoundry.com"
                        }
                      },
                      "Role": {
                        "Fn::GetAtt": [
                          "IamRoleLambdaExecution",
                          "Arn"
                        ]
                      }
                    },
                    "DependsOn": [
                      "GetAuthURLLogGroup"
                    ]
                  },
                  "GetAccessTokenLambdaFunction": "<REDACTED>",
                  "GetCalendarEventsLambdaFunction": {
                    "Type": "AWS::Lambda::Function",
                    "Properties": {
                      "Code": {
                        "S3Bucket": {
                          "Ref": "ServerlessDeploymentBucket"
                        },
                        "S3Key": "serverless/auth-server/dev/1721765707684-2024-07-23T20:15:07.684Z/auth-server.zip"
                      },
                      "Handler": "handler.getCalendarEvents",
                      "Runtime": "nodejs20.x",
                      "FunctionName": "auth-server-dev-getCalendarEvents",
                      "MemorySize": 1024,
                      "Timeout": 30,
                      "Environment": {
                        "Variables": {
                          "CLIENT_ID": "102821349611-ullfn1o9snf6690b6nsp0ied7rm3bmv9.apps.googleusercontent.com",
                          "CLIENT_SECRET": "<REDACTED>",
                          "CALENDAR_ID": "fullstackwebdev@careerfoundry.com"
                        }
                      },
                      "Role": {
                        "Fn::GetAtt": [
                          "IamRoleLambdaExecution",
                          "Arn"
                        ]
                      }
                    },
                    "DependsOn": [
                      "GetCalendarEventsLogGroup"
                    ]
                  },
                  "GetAuthURLLambdaVersionu9a3w38OYent94jnfWFjyozmexd8ijWX0TQruiCLGY": {
                    "Type": "AWS::Lambda::Version",
                    "DeletionPolicy": "Retain",
                    "Properties": {
                      "FunctionName": {
                        "Ref": "GetAuthURLLambdaFunction"
                      },
                      "CodeSha256": "CW7FRrBopIPez25SxiWCxpNUitmOIRpTzRj6g/bPeM0="
                    }
                  },
                  "GetAccessTokenLambdaVersiontNtp1jDKgIiJsrQbVXLVrj9fzuVSgTlg0zDOf3Dk8U": "<REDACTED>",
                  "GetCalendarEventsLambdaVersionZIcbzRFuJYwInffU4R3taui6cII2GAbTyUl2FlqB4": {
                    "Type": "AWS::Lambda::Version",
                    "DeletionPolicy": "Retain",
                    "Properties": {
                      "FunctionName": {
                        "Ref": "GetCalendarEventsLambdaFunction"
                      },
                      "CodeSha256": "CW7FRrBopIPez25SxiWCxpNUitmOIRpTzRj6g/bPeM0="
                    }
                  },
                  "ApiGatewayRestApi": {
                    "Type": "AWS::ApiGateway::RestApi",
                    "Properties": {
                      "Name": "dev-auth-server",
                      "EndpointConfiguration": {
                        "Types": [
                          "EDGE"
                        ]
                      },
                      "Policy": ""
                    }
                  },
                  "ApiGatewayResourceApi": {
                    "Type": "AWS::ApiGateway::Resource",
                    "Properties": {
                      "ParentId": {
                        "Fn::GetAtt": [
                          "ApiGatewayRestApi",
                          "RootResourceId"
                        ]
                      },
                      "PathPart": "api",
                      "RestApiId": {
                        "Ref": "ApiGatewayRestApi"
                      }
                    }
                  },
                  "ApiGatewayResourceApiGetDashauthDashurl": {
                    "Type": "AWS::ApiGateway::Resource",
                    "Properties": {
                      "ParentId": {
                        "Ref": "ApiGatewayResourceApi"
                      },
                      "PathPart": "get-auth-url",
                      "RestApiId": {
                        "Ref": "ApiGatewayRestApi"
                      }
                    }
                  },
                  "ApiGatewayResourceApiToken": "<REDACTED>",
                  "ApiGatewayResourceApiTokenCodeVar": "<REDACTED>",
                  "ApiGatewayResourceApiGetDashevents": {
                    "Type": "AWS::ApiGateway::Resource",
                    "Properties": {
                      "ParentId": {
                        "Ref": "ApiGatewayResourceApi"
                      },
                      "PathPart": "get-events",
                      "RestApiId": {
                        "Ref": "ApiGatewayRestApi"
                      }
                    }
                  },
                  "ApiGatewayResourceApiGetDasheventsAccesstokenVar": "<REDACTED>",
                  "ApiGatewayMethodApiGetDashauthDashurlGet": {
                    "Type": "AWS::ApiGateway::Method",
                    "Properties": {
                      "HttpMethod": "GET",
                      "RequestParameters": {},
                      "ResourceId": {
                        "Ref": "ApiGatewayResourceApiGetDashauthDashurl"
                      },
                      "RestApiId": {
                        "Ref": "ApiGatewayRestApi"
                      },
                      "ApiKeyRequired": "<REDACTED>",
                      "AuthorizationType": "NONE",
                      "Integration": {
                        "IntegrationHttpMethod": "POST",
                        "Type": "AWS_PROXY",
                        "Uri": {
                          "Fn::Join": [
                            "",
                            [
                              "arn:",
                              {
                                "Ref": "AWS::Partition"
                              },
                              ":apigateway:",
                              {
                                "Ref": "AWS::Region"
                              },
                              ":lambda:path/2015-03-31/functions/",
                              {
                                "Fn::GetAtt": [
                                  "GetAuthURLLambdaFunction",
                                  "Arn"
                                ]
                              },
                              "/invocations"
                            ]
                          ]
                        }
                      },
                      "MethodResponses": []
                    },
                    "DependsOn": [
                      "GetAuthURLLambdaPermissionApiGateway"
                    ]
                  },
                  "ApiGatewayMethodApiTokenCodeVarGet": "<REDACTED>",
                  "ApiGatewayMethodApiGetDasheventsAccesstokenVarGet": "<REDACTED>",
                  "ApiGatewayDeployment1721765705484": {
                    "Type": "AWS::ApiGateway::Deployment",
                    "Properties": {
                      "RestApiId": {
                        "Ref": "ApiGatewayRestApi"
                      },
                      "StageName": "dev"
                    },
                    "DependsOn": [
                      "ApiGatewayMethodApiGetDashauthDashurlGet",
                      "ApiGatewayMethodApiTokenCodeVarGet",
                      "ApiGatewayMethodApiGetDasheventsAccesstokenVarGet"
                    ]
                  },
                  "GetAuthURLLambdaPermissionApiGateway": {
                    "Type": "AWS::Lambda::Permission",
                    "Properties": {
                      "FunctionName": {
                        "Fn::GetAtt": [
                          "GetAuthURLLambdaFunction",
                          "Arn"
                        ]
                      },
                      "Action": "lambda:InvokeFunction",
                      "Principal": "apigateway.amazonaws.com",
                      "SourceArn": {
                        "Fn::Join": [
                          "",
                          [
                            "arn:",
                            {
                              "Ref": "AWS::Partition"
                            },
                            ":execute-api:",
                            {
                              "Ref": "AWS::Region"
                            },
                            ":",
                            {
                              "Ref": "AWS::AccountId"
                            },
                            ":",
                            {
                              "Ref": "ApiGatewayRestApi"
                            },
                            "/*/*"
                          ]
                        ]
                      }
                    }
                  },
                  "GetAccessTokenLambdaPermissionApiGateway": "<REDACTED>",
                  "GetCalendarEventsLambdaPermissionApiGateway": {
                    "Type": "AWS::Lambda::Permission",
                    "Properties": {
                      "FunctionName": {
                        "Fn::GetAtt": [
                          "GetCalendarEventsLambdaFunction",
                          "Arn"
                        ]
                      },
                      "Action": "lambda:InvokeFunction",
                      "Principal": "apigateway.amazonaws.com",
                      "SourceArn": {
                        "Fn::Join": [
                          "",
                          [
                            "arn:",
                            {
                              "Ref": "AWS::Partition"
                            },
                            ":execute-api:",
                            {
                              "Ref": "AWS::Region"
                            },
                            ":",
                            {
                              "Ref": "AWS::AccountId"
                            },
                            ":",
                            {
                              "Ref": "ApiGatewayRestApi"
                            },
                            "/*/*"
                          ]
                        ]
                      }
                    }
                  }
                },
                "Outputs": {
                  "ServerlessDeploymentBucketName": {
                    "Value": {
                      "Ref": "ServerlessDeploymentBucket"
                    },
                    "Export": {
                      "Name": "sls-auth-server-dev-ServerlessDeploymentBucketName"
                    }
                  },
                  "GetAuthURLLambdaFunctionQualifiedArn": {
                    "Description": "Current Lambda function version",
                    "Value": {
                      "Ref": "GetAuthURLLambdaVersionu9a3w38OYent94jnfWFjyozmexd8ijWX0TQruiCLGY"
                    },
                    "Export": {
                      "Name": "sls-auth-server-dev-GetAuthURLLambdaFunctionQualifiedArn"
                    }
                  },
                  "GetAccessTokenLambdaFunctionQualifiedArn": "<REDACTED>",
                  "GetCalendarEventsLambdaFunctionQualifiedArn": {
                    "Description": "Current Lambda function version",
                    "Value": {
                      "Ref": "GetCalendarEventsLambdaVersionZIcbzRFuJYwInffU4R3taui6cII2GAbTyUl2FlqB4"
                    },
                    "Export": {
                      "Name": "sls-auth-server-dev-GetCalendarEventsLambdaFunctionQualifiedArn"
                    }
                  },
                  "ServiceEndpoint": {
                    "Description": "URL of the service endpoint",
                    "Value": {
                      "Fn::Join": [
                        "",
                        [
                          "https://",
                          {
                            "Ref": "ApiGatewayRestApi"
                          },
                          ".execute-api.",
                          {
                            "Ref": "AWS::Region"
                          },
                          ".",
                          {
                            "Ref": "AWS::URLSuffix"
                          },
                          "/dev"
                        ]
                      ]
                    },
                    "Export": {
                      "Name": "sls-auth-server-dev-ServiceEndpoint"
                    }
                  }
                }
              },
              "coreCloudFormationTemplate": {
                "AWSTemplateFormatVersion": "2010-09-09",
                "Description": "The AWS CloudFormation template for this Serverless application",
                "Resources": {
                  "ServerlessDeploymentBucket": {
                    "Type": "AWS::S3::Bucket",
                    "Properties": {
                      "BucketEncryption": {
                        "ServerSideEncryptionConfiguration": [
                          {
                            "ServerSideEncryptionByDefault": {
                              "SSEAlgorithm": "AES256"
                            }
                          }
                        ]
                      }
                    }
                  },
                  "ServerlessDeploymentBucketPolicy": {
                    "Type": "AWS::S3::BucketPolicy",
                    "Properties": {
                      "Bucket": {
                        "Ref": "ServerlessDeploymentBucket"
                      },
                      "PolicyDocument": {
                        "Statement": [
                          {
                            "Action": "s3:*",
                            "Effect": "Deny",
                            "Principal": "*",
                            "Resource": [
                              {
                                "Fn::Join": [
                                  "",
                                  [
                                    "arn:",
                                    {
                                      "Ref": "AWS::Partition"
                                    },
                                    ":s3:::",
                                    {
                                      "Ref": "ServerlessDeploymentBucket"
                                    },
                                    "/*"
                                  ]
                                ]
                              },
                              {
                                "Fn::Join": [
                                  "",
                                  [
                                    "arn:",
                                    {
                                      "Ref": "AWS::Partition"
                                    },
                                    ":s3:::",
                                    {
                                      "Ref": "ServerlessDeploymentBucket"
                                    }
                                  ]
                                ]
                              }
                            ],
                            "Condition": {
                              "Bool": {
                                "aws:SecureTransport": false
                              }
                            }
                          }
                        ]
                      }
                    }
                  }
                },
                "Outputs": {
                  "ServerlessDeploymentBucketName": {
                    "Value": {
                      "Ref": "ServerlessDeploymentBucket"
                    }
                  }
                }
              },
              "vpc": {}
            },
            "functions": {
              "getAuthURL": {
                "handler": "handler.getAuthURL",
                "events": [
                  {
                    "http": {
                      "path": "api/get-auth-url",
                      "method": "get",
                      "integration": "AWS_PROXY"
                    }
                  }
                ],
                "name": "auth-server-dev-getAuthURL",
                "package": {},
                "memory": 1024,
                "timeout": 30,
                "runtime": "nodejs20.x",
                "vpc": {},
                "versionLogicalId": "GetAuthURLLambdaVersionu9a3w38OYent94jnfWFjyozmexd8ijWX0TQruiCLGY"
              },
              "getAccessToken": "<REDACTED>",
              "getCalendarEvents": {
                "handler": "handler.getCalendarEvents",
                "events": [
                  {
                    "http": {
                      "path": "api/get-events/{access_token}",
                      "method": "get",
                      "integration": "AWS_PROXY"
                    }
                  }
                ],
                "name": "auth-server-dev-getCalendarEvents",
                "package": {},
                "memory": 1024,
                "timeout": 30,
                "runtime": "nodejs20.x",
                "vpc": {},
                "versionLogicalId": "GetCalendarEventsLambdaVersionZIcbzRFuJYwInffU4R3taui6cII2GAbTyUl2FlqB4"
              }
            }
          },
          "configFileDirPath": "C:\\Users\\cleme\\Documents\\Meet\\meet\\auth-server",
          "config": {
            "type": "file"
          },
          "options": {},
          "stage": "dev",
          "dashboard": null
        },
        "resolvers": {}
      }
    },
    "composeServiceName": null,
    "servicePath": "C:\\Users\\cleme\\Documents\\Meet\\meet\\auth-server",
    "serviceConfigFileName": "serverless.yml",
    "service": {
      "service": "auth-server",
      "provider": {
        "name": "aws",
        "runtime": "nodejs20.x",
        "region": "us-east-1",
        "stage": "dev",
        "timeout": 30,
        "environment": {
          "CLIENT_ID": "102821349611-ullfn1o9snf6690b6nsp0ied7rm3bmv9.apps.googleusercontent.com",
          "CLIENT_SECRET": "<REDACTED>",
          "CALENDAR_ID": "fullstackwebdev@careerfoundry.com"
        },
        "versionFunctions": true,
        "compiledCloudFormationTemplate": {
          "AWSTemplateFormatVersion": "2010-09-09",
          "Description": "The AWS CloudFormation template for this Serverless application",
          "Resources": {
            "ServerlessDeploymentBucket": {
              "Type": "AWS::S3::Bucket",
              "Properties": {
                "BucketEncryption": {
                  "ServerSideEncryptionConfiguration": [
                    {
                      "ServerSideEncryptionByDefault": {
                        "SSEAlgorithm": "AES256"
                      }
                    }
                  ]
                }
              }
            },
            "ServerlessDeploymentBucketPolicy": {
              "Type": "AWS::S3::BucketPolicy",
              "Properties": {
                "Bucket": {
                  "Ref": "ServerlessDeploymentBucket"
                },
                "PolicyDocument": {
                  "Statement": [
                    {
                      "Action": "s3:*",
                      "Effect": "Deny",
                      "Principal": "*",
                      "Resource": [
                        {
                          "Fn::Join": [
                            "",
                            [
                              "arn:",
                              {
                                "Ref": "AWS::Partition"
                              },
                              ":s3:::",
                              {
                                "Ref": "ServerlessDeploymentBucket"
                              },
                              "/*"
                            ]
                          ]
                        },
                        {
                          "Fn::Join": [
                            "",
                            [
                              "arn:",
                              {
                                "Ref": "AWS::Partition"
                              },
                              ":s3:::",
                              {
                                "Ref": "ServerlessDeploymentBucket"
                              }
                            ]
                          ]
                        }
                      ],
                      "Condition": {
                        "Bool": {
                          "aws:SecureTransport": false
                        }
                      }
                    }
                  ]
                }
              }
            },
            "GetAuthURLLogGroup": {
              "Type": "AWS::Logs::LogGroup",
              "Properties": {
                "LogGroupName": "/aws/lambda/auth-server-dev-getAuthURL"
              }
            },
            "GetAccessTokenLogGroup": "<REDACTED>",
            "GetCalendarEventsLogGroup": {
              "Type": "AWS::Logs::LogGroup",
              "Properties": {
                "LogGroupName": "/aws/lambda/auth-server-dev-getCalendarEvents"
              }
            },
            "IamRoleLambdaExecution": {
              "Type": "AWS::IAM::Role",
              "Properties": {
                "AssumeRolePolicyDocument": {
                  "Version": "2012-10-17",
                  "Statement": [
                    {
                      "Effect": "Allow",
                      "Principal": {
                        "Service": [
                          "lambda.amazonaws.com"
                        ]
                      },
                      "Action": [
                        "sts:AssumeRole"
                      ]
                    }
                  ]
                },
                "Policies": [
                  {
                    "PolicyName": {
                      "Fn::Join": [
                        "-",
                        [
                          "auth-server",
                          "dev",
                          "lambda"
                        ]
                      ]
                    },
                    "PolicyDocument": {
                      "Version": "2012-10-17",
                      "Statement": [
                        {
                          "Effect": "Allow",
                          "Action": [
                            "logs:CreateLogStream",
                            "logs:CreateLogGroup",
                            "logs:TagResource"
                          ],
                          "Resource": [
                            {
                              "Fn::Sub": "arn:${AWS::Partition}:logs:${AWS::Region}:${AWS::AccountId}:log-group:/aws/lambda/auth-server-dev*:*"
                            }
                          ]
                        },
                        {
                          "Effect": "Allow",
                          "Action": [
                            "logs:PutLogEvents"
                          ],
                          "Resource": [
                            {
                              "Fn::Sub": "arn:${AWS::Partition}:logs:${AWS::Region}:${AWS::AccountId}:log-group:/aws/lambda/auth-server-dev*:*:*"
                            }
                          ]
                        }
                      ]
                    }
                  }
                ],
                "Path": "/",
                "RoleName": {
                  "Fn::Join": [
                    "-",
                    [
                      "auth-server",
                      "dev",
                      {
                        "Ref": "AWS::Region"
                      },
                      "lambdaRole"
                    ]
                  ]
                }
              }
            },
            "GetAuthURLLambdaFunction": {
              "Type": "AWS::Lambda::Function",
              "Properties": {
                "Code": {
                  "S3Bucket": {
                    "Ref": "ServerlessDeploymentBucket"
                  },
                  "S3Key": "serverless/auth-server/dev/1721765707684-2024-07-23T20:15:07.684Z/auth-server.zip"
                },
                "Handler": "handler.getAuthURL",
                "Runtime": "nodejs20.x",
                "FunctionName": "auth-server-dev-getAuthURL",
                "MemorySize": 1024,
                "Timeout": 30,
                "Environment": {
                  "Variables": {
                    "CLIENT_ID": "102821349611-ullfn1o9snf6690b6nsp0ied7rm3bmv9.apps.googleusercontent.com",
                    "CLIENT_SECRET": "<REDACTED>",
                    "CALENDAR_ID": "fullstackwebdev@careerfoundry.com"
                  }
                },
                "Role": {
                  "Fn::GetAtt": [
                    "IamRoleLambdaExecution",
                    "Arn"
                  ]
                }
              },
              "DependsOn": [
                "GetAuthURLLogGroup"
              ]
            },
            "GetAccessTokenLambdaFunction": "<REDACTED>",
            "GetCalendarEventsLambdaFunction": {
              "Type": "AWS::Lambda::Function",
              "Properties": {
                "Code": {
                  "S3Bucket": {
                    "Ref": "ServerlessDeploymentBucket"
                  },
                  "S3Key": "serverless/auth-server/dev/1721765707684-2024-07-23T20:15:07.684Z/auth-server.zip"
                },
                "Handler": "handler.getCalendarEvents",
                "Runtime": "nodejs20.x",
                "FunctionName": "auth-server-dev-getCalendarEvents",
                "MemorySize": 1024,
                "Timeout": 30,
                "Environment": {
                  "Variables": {
                    "CLIENT_ID": "102821349611-ullfn1o9snf6690b6nsp0ied7rm3bmv9.apps.googleusercontent.com",
                    "CLIENT_SECRET": "<REDACTED>",
                    "CALENDAR_ID": "fullstackwebdev@careerfoundry.com"
                  }
                },
                "Role": {
                  "Fn::GetAtt": [
                    "IamRoleLambdaExecution",
                    "Arn"
                  ]
                }
              },
              "DependsOn": [
                "GetCalendarEventsLogGroup"
              ]
            },
            "GetAuthURLLambdaVersionu9a3w38OYent94jnfWFjyozmexd8ijWX0TQruiCLGY": {
              "Type": "AWS::Lambda::Version",
              "DeletionPolicy": "Retain",
              "Properties": {
                "FunctionName": {
                  "Ref": "GetAuthURLLambdaFunction"
                },
                "CodeSha256": "CW7FRrBopIPez25SxiWCxpNUitmOIRpTzRj6g/bPeM0="
              }
            },
            "GetAccessTokenLambdaVersiontNtp1jDKgIiJsrQbVXLVrj9fzuVSgTlg0zDOf3Dk8U": "<REDACTED>",
            "GetCalendarEventsLambdaVersionZIcbzRFuJYwInffU4R3taui6cII2GAbTyUl2FlqB4": {
              "Type": "AWS::Lambda::Version",
              "DeletionPolicy": "Retain",
              "Properties": {
                "FunctionName": {
                  "Ref": "GetCalendarEventsLambdaFunction"
                },
                "CodeSha256": "CW7FRrBopIPez25SxiWCxpNUitmOIRpTzRj6g/bPeM0="
              }
            },
            "ApiGatewayRestApi": {
              "Type": "AWS::ApiGateway::RestApi",
              "Properties": {
                "Name": "dev-auth-server",
                "EndpointConfiguration": {
                  "Types": [
                    "EDGE"
                  ]
                },
                "Policy": ""
              }
            },
            "ApiGatewayResourceApi": {
              "Type": "AWS::ApiGateway::Resource",
              "Properties": {
                "ParentId": {
                  "Fn::GetAtt": [
                    "ApiGatewayRestApi",
                    "RootResourceId"
                  ]
                },
                "PathPart": "api",
                "RestApiId": {
                  "Ref": "ApiGatewayRestApi"
                }
              }
            },
            "ApiGatewayResourceApiGetDashauthDashurl": {
              "Type": "AWS::ApiGateway::Resource",
              "Properties": {
                "ParentId": {
                  "Ref": "ApiGatewayResourceApi"
                },
                "PathPart": "get-auth-url",
                "RestApiId": {
                  "Ref": "ApiGatewayRestApi"
                }
              }
            },
            "ApiGatewayResourceApiToken": "<REDACTED>",
            "ApiGatewayResourceApiTokenCodeVar": "<REDACTED>",
            "ApiGatewayResourceApiGetDashevents": {
              "Type": "AWS::ApiGateway::Resource",
              "Properties": {
                "ParentId": {
                  "Ref": "ApiGatewayResourceApi"
                },
                "PathPart": "get-events",
                "RestApiId": {
                  "Ref": "ApiGatewayRestApi"
                }
              }
            },
            "ApiGatewayResourceApiGetDasheventsAccesstokenVar": "<REDACTED>",
            "ApiGatewayMethodApiGetDashauthDashurlGet": {
              "Type": "AWS::ApiGateway::Method",
              "Properties": {
                "HttpMethod": "GET",
                "RequestParameters": {},
                "ResourceId": {
                  "Ref": "ApiGatewayResourceApiGetDashauthDashurl"
                },
                "RestApiId": {
                  "Ref": "ApiGatewayRestApi"
                },
                "ApiKeyRequired": "<REDACTED>",
                "AuthorizationType": "NONE",
                "Integration": {
                  "IntegrationHttpMethod": "POST",
                  "Type": "AWS_PROXY",
                  "Uri": {
                    "Fn::Join": [
                      "",
                      [
                        "arn:",
                        {
                          "Ref": "AWS::Partition"
                        },
                        ":apigateway:",
                        {
                          "Ref": "AWS::Region"
                        },
                        ":lambda:path/2015-03-31/functions/",
                        {
                          "Fn::GetAtt": [
                            "GetAuthURLLambdaFunction",
                            "Arn"
                          ]
                        },
                        "/invocations"
                      ]
                    ]
                  }
                },
                "MethodResponses": []
              },
              "DependsOn": [
                "GetAuthURLLambdaPermissionApiGateway"
              ]
            },
            "ApiGatewayMethodApiTokenCodeVarGet": "<REDACTED>",
            "ApiGatewayMethodApiGetDasheventsAccesstokenVarGet": "<REDACTED>",
            "ApiGatewayDeployment1721765705484": {
              "Type": "AWS::ApiGateway::Deployment",
              "Properties": {
                "RestApiId": {
                  "Ref": "ApiGatewayRestApi"
                },
                "StageName": "dev"
              },
              "DependsOn": [
                "ApiGatewayMethodApiGetDashauthDashurlGet",
                "ApiGatewayMethodApiTokenCodeVarGet",
                "ApiGatewayMethodApiGetDasheventsAccesstokenVarGet"
              ]
            },
            "GetAuthURLLambdaPermissionApiGateway": {
              "Type": "AWS::Lambda::Permission",
              "Properties": {
                "FunctionName": {
                  "Fn::GetAtt": [
                    "GetAuthURLLambdaFunction",
                    "Arn"
                  ]
                },
                "Action": "lambda:InvokeFunction",
                "Principal": "apigateway.amazonaws.com",
                "SourceArn": {
                  "Fn::Join": [
                    "",
                    [
                      "arn:",
                      {
                        "Ref": "AWS::Partition"
                      },
                      ":execute-api:",
                      {
                        "Ref": "AWS::Region"
                      },
                      ":",
                      {
                        "Ref": "AWS::AccountId"
                      },
                      ":",
                      {
                        "Ref": "ApiGatewayRestApi"
                      },
                      "/*/*"
                    ]
                  ]
                }
              }
            },
            "GetAccessTokenLambdaPermissionApiGateway": "<REDACTED>",
            "GetCalendarEventsLambdaPermissionApiGateway": {
              "Type": "AWS::Lambda::Permission",
              "Properties": {
                "FunctionName": {
                  "Fn::GetAtt": [
                    "GetCalendarEventsLambdaFunction",
                    "Arn"
                  ]
                },
                "Action": "lambda:InvokeFunction",
                "Principal": "apigateway.amazonaws.com",
                "SourceArn": {
                  "Fn::Join": [
                    "",
                    [
                      "arn:",
                      {
                        "Ref": "AWS::Partition"
                      },
                      ":execute-api:",
                      {
                        "Ref": "AWS::Region"
                      },
                      ":",
                      {
                        "Ref": "AWS::AccountId"
                      },
                      ":",
                      {
                        "Ref": "ApiGatewayRestApi"
                      },
                      "/*/*"
                    ]
                  ]
                }
              }
            }
          },
          "Outputs": {
            "ServerlessDeploymentBucketName": {
              "Value": {
                "Ref": "ServerlessDeploymentBucket"
              },
              "Export": {
                "Name": "sls-auth-server-dev-ServerlessDeploymentBucketName"
              }
            },
            "GetAuthURLLambdaFunctionQualifiedArn": {
              "Description": "Current Lambda function version",
              "Value": {
                "Ref": "GetAuthURLLambdaVersionu9a3w38OYent94jnfWFjyozmexd8ijWX0TQruiCLGY"
              },
              "Export": {
                "Name": "sls-auth-server-dev-GetAuthURLLambdaFunctionQualifiedArn"
              }
            },
            "GetAccessTokenLambdaFunctionQualifiedArn": "<REDACTED>",
            "GetCalendarEventsLambdaFunctionQualifiedArn": {
              "Description": "Current Lambda function version",
              "Value": {
                "Ref": "GetCalendarEventsLambdaVersionZIcbzRFuJYwInffU4R3taui6cII2GAbTyUl2FlqB4"
              },
              "Export": {
                "Name": "sls-auth-server-dev-GetCalendarEventsLambdaFunctionQualifiedArn"
              }
            },
            "ServiceEndpoint": {
              "Description": "URL of the service endpoint",
              "Value": {
                "Fn::Join": [
                  "",
                  [
                    "https://",
                    {
                      "Ref": "ApiGatewayRestApi"
                    },
                    ".execute-api.",
                    {
                      "Ref": "AWS::Region"
                    },
                    ".",
                    {
                      "Ref": "AWS::URLSuffix"
                    },
                    "/dev"
                  ]
                ]
              },
              "Export": {
                "Name": "sls-auth-server-dev-ServiceEndpoint"
              }
            }
          }
        },
        "coreCloudFormationTemplate": {
          "AWSTemplateFormatVersion": "2010-09-09",
          "Description": "The AWS CloudFormation template for this Serverless application",
          "Resources": {
            "ServerlessDeploymentBucket": {
              "Type": "AWS::S3::Bucket",
              "Properties": {
                "BucketEncryption": {
                  "ServerSideEncryptionConfiguration": [
                    {
                      "ServerSideEncryptionByDefault": {
                        "SSEAlgorithm": "AES256"
                      }
                    }
                  ]
                }
              }
            },
            "ServerlessDeploymentBucketPolicy": {
              "Type": "AWS::S3::BucketPolicy",
              "Properties": {
                "Bucket": {
                  "Ref": "ServerlessDeploymentBucket"
                },
                "PolicyDocument": {
                  "Statement": [
                    {
                      "Action": "s3:*",
                      "Effect": "Deny",
                      "Principal": "*",
                      "Resource": [
                        {
                          "Fn::Join": [
                            "",
                            [
                              "arn:",
                              {
                                "Ref": "AWS::Partition"
                              },
                              ":s3:::",
                              {
                                "Ref": "ServerlessDeploymentBucket"
                              },
                              "/*"
                            ]
                          ]
                        },
                        {
                          "Fn::Join": [
                            "",
                            [
                              "arn:",
                              {
                                "Ref": "AWS::Partition"
                              },
                              ":s3:::",
                              {
                                "Ref": "ServerlessDeploymentBucket"
                              }
                            ]
                          ]
                        }
                      ],
                      "Condition": {
                        "Bool": {
                          "aws:SecureTransport": false
                        }
                      }
                    }
                  ]
                }
              }
            }
          },
          "Outputs": {
            "ServerlessDeploymentBucketName": {
              "Value": {
                "Ref": "ServerlessDeploymentBucket"
              }
            }
          }
        },
        "vpc": {}
      },
      "functions": {
        "getAuthURL": {
          "handler": "handler.getAuthURL",
          "events": [
            {
              "http": {
                "path": "api/get-auth-url",
                "method": "get",
                "integration": "AWS_PROXY"
              }
            }
          ],
          "name": "auth-server-dev-getAuthURL",
          "package": {},
          "memory": 1024,
          "timeout": 30,
          "runtime": "nodejs20.x",
          "vpc": {},
          "versionLogicalId": "GetAuthURLLambdaVersionu9a3w38OYent94jnfWFjyozmexd8ijWX0TQruiCLGY"
        },
        "getAccessToken": "<REDACTED>",
        "getCalendarEvents": {
          "handler": "handler.getCalendarEvents",
          "events": [
            {
              "http": {
                "path": "api/get-events/{access_token}",
                "method": "get",
                "integration": "AWS_PROXY"
              }
            }
          ],
          "name": "auth-server-dev-getCalendarEvents",
          "package": {},
          "memory": 1024,
          "timeout": 30,
          "runtime": "nodejs20.x",
          "vpc": {},
          "versionLogicalId": "GetCalendarEventsLambdaVersionZIcbzRFuJYwInffU4R3taui6cII2GAbTyUl2FlqB4"
        }
      }
    },
    "serviceRawFile": "service: auth-server\n\nprovider:\n  name: aws\n  runtime: nodejs20.x\n  region: us-east-1\n  stage: dev\n  timeout: 30 # optional, in seconds, default is 6\n  environment:\n    CLIENT_ID: ${file(config.json):CLIENT_ID}\n    CLIENT_SECRET: ${file(config.json):CLIENT_SECRET}\n    CALENDAR_ID: ${file(config.json):CALENDAR_ID}\n\nfunctions:\n  getAuthURL:\n    handler: handler.getAuthURL\n    events:\n      - http:\n          path: api/get-auth-url\n          method: get\n  getAccessToken:\n    handler: handler.getAccessToken\n    events:\n      - http:\n          path: api/token/{code}\n          method: get\n  getCalendarEvents:\n    handler: handler.getCalendarEvents\n    events:\n      - http:\n          path: api/get-events/{access_token}\n          method: get\n",
    "command": [
      "deploy"
    ],
    "options": {},
    "error": null,
    "params": {},
    "machineId": "3cba1c7a0e8ccd043dbc959614ec2e48",
    "accessKeyV2": "<REDACTED>",
    "accessKeyV1": "<REDACTED>",
    "orgId": "65fdf144-0e29-411c-b77c-b82f7499546c",
    "orgName": "cleysanchez",
    "userId": "0sTYYchFVqnwsnDfDB",
    "dashboard": {
      "isEnabledForService": false,
      "requiredAuthentication": false,
      "orgFeaturesInUse": null,
      "orgObservabilityIntegrations": null,
      "serviceAppId": null,
      "serviceProvider": null,
      "instanceParameters": null
    },
    "userName": "sleysanchez",
    "subscription": null,
    "userEmail": "clement.sanchez.31@gmail.com",
    "serviceProviderAwsCredentials": "<REDACTED>",
    "serviceProviderAwsAccountId": "471112708142",
    "versionSf": "4.1.16",
    "serviceProviderAwsCfStackName": "auth-server-dev",
    "serviceProviderAwsCfStackId": "arn:aws:cloudformation:us-east-1:471112708142:stack/auth-server-dev/3dfa97f0-477a-11ef-924c-0affc90bb9c3",
    "serviceProviderAwsCfStackCreated": "2024-07-21T15:59:42.386Z",
    "serviceProviderAwsCfStackUpdated": "2024-07-23T20:15:36.571Z",
    "serviceProviderAwsCfStackStatus": "UPDATE_COMPLETE",
    "serviceProviderAwsCfStackOutputs": [
      {
        "OutputKey": "GetAccessTokenLambdaFunctionQualifiedArn",
        "OutputValue": "arn:aws:lambda:us-east-1:471112708142:function:auth-server-dev-getAccessToken:4",
        "Description": "Current Lambda function version",
        "ExportName": "sls-auth-server-dev-GetAccessTokenLambdaFunctionQualifiedArn"
      },
      {
        "OutputKey": "GetAuthURLLambdaFunctionQualifiedArn",
        "OutputValue": "arn:aws:lambda:us-east-1:471112708142:function:auth-server-dev-getAuthURL:6",
        "Description": "Current Lambda function version",
        "ExportName": "sls-auth-server-dev-GetAuthURLLambdaFunctionQualifiedArn"
      },
      {
        "OutputKey": "GetCalendarEventsLambdaFunctionQualifiedArn",
        "OutputValue": "arn:aws:lambda:us-east-1:471112708142:function:auth-server-dev-getCalendarEvents:4",
        "Description": "Current Lambda function version",
        "ExportName": "sls-auth-server-dev-GetCalendarEventsLambdaFunctionQualifiedArn"
      },
      {
        "OutputKey": "ServiceEndpoint",
        "OutputValue": "https://lp47bu2tkc.execute-api.us-east-1.amazonaws.com/dev",
        "Description": "URL of the service endpoint",
        "ExportName": "sls-auth-server-dev-ServiceEndpoint"
      },
      {
        "OutputKey": "ServerlessDeploymentBucketName",
        "OutputValue": "auth-server-dev-serverlessdeploymentbucket-mpxn44bgf40x",
        "ExportName": "sls-auth-server-dev-ServerlessDeploymentBucketName"
      }
    ]
  }
}