{
  "service": {
    "service": "auth-server",
    "serviceObject": {
      "name": "auth-server"
    },
    "provider": {
      "name": "aws",
      "runtime": "nodejs20.x",
      "region": "us-east-1",
      "stage": "dev",
      "timeout": 30,
      "environment": {
        "CLIENT_ID": "102821349611-ullfn1o9snf6690b6nsp0ied7rm3bmv9.apps.googleusercontent.com",
        "CLIENT_SECRET": "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",
        "CALENDAR_ID": "fullstackwebdev@careerfoundry.com"
      },
      "versionFunctions": true,
      "compiledCloudFormationTemplate": {
        "AWSTemplateFormatVersion": "2010-09-09",
        "Description": "The AWS CloudFormation template for this Serverless application",
        "Resources": {
          "ServerlessDeploymentBucket": {
            "Type": "AWS::S3::Bucket",
            "Properties": {
              "BucketEncryption": {
                "ServerSideEncryptionConfiguration": [
                  {
                    "ServerSideEncryptionByDefault": {
                      "SSEAlgorithm": "AES256"
                    }
                  }
                ]
              }
            }
          },
          "ServerlessDeploymentBucketPolicy": {
            "Type": "AWS::S3::BucketPolicy",
            "Properties": {
              "Bucket": {
                "Ref": "ServerlessDeploymentBucket"
              },
              "PolicyDocument": {
                "Statement": [
                  {
                    "Action": "s3:*",
                    "Effect": "Deny",
                    "Principal": "*",
                    "Resource": [
                      {
                        "Fn::Join": [
                          "",
                          [
                            "arn:",
                            {
                              "Ref": "AWS::Partition"
                            },
                            ":s3:::",
                            {
                              "Ref": "ServerlessDeploymentBucket"
                            },
                            "/*"
                          ]
                        ]
                      },
                      {
                        "Fn::Join": [
                          "",
                          [
                            "arn:",
                            {
                              "Ref": "AWS::Partition"
                            },
                            ":s3:::",
                            {
                              "Ref": "ServerlessDeploymentBucket"
                            }
                          ]
                        ]
                      }
                    ],
                    "Condition": {
                      "Bool": {
                        "aws:SecureTransport": false
                      }
                    }
                  }
                ]
              }
            }
          },
          "GetAuthURLLogGroup": {
            "Type": "AWS::Logs::LogGroup",
            "Properties": {
              "LogGroupName": "/aws/lambda/auth-server-dev-getAuthURL"
            }
          },
          "GetAccessTokenLogGroup": {
            "Type": "AWS::Logs::LogGroup",
            "Properties": {
              "LogGroupName": "/aws/lambda/auth-server-dev-getAccessToken"
            }
          },
          "GetCalendarEventsLogGroup": {
            "Type": "AWS::Logs::LogGroup",
            "Properties": {
              "LogGroupName": "/aws/lambda/auth-server-dev-getCalendarEvents"
            }
          },
          "IamRoleLambdaExecution": {
            "Type": "AWS::IAM::Role",
            "Properties": {
              "AssumeRolePolicyDocument": {
                "Version": "2012-10-17",
                "Statement": [
                  {
                    "Effect": "Allow",
                    "Principal": {
                      "Service": [
                        "lambda.amazonaws.com"
                      ]
                    },
                    "Action": [
                      "sts:AssumeRole"
                    ]
                  }
                ]
              },
              "Policies": [
                {
                  "PolicyName": {
                    "Fn::Join": [
                      "-",
                      [
                        "auth-server",
                        "dev",
                        "lambda"
                      ]
                    ]
                  },
                  "PolicyDocument": {
                    "Version": "2012-10-17",
                    "Statement": [
                      {
                        "Effect": "Allow",
                        "Action": [
                          "logs:CreateLogStream",
                          "logs:CreateLogGroup",
                          "logs:TagResource"
                        ],
                        "Resource": [
                          {
                            "Fn::Sub": "arn:${AWS::Partition}:logs:${AWS::Region}:${AWS::AccountId}:log-group:/aws/lambda/auth-server-dev*:*"
                          }
                        ]
                      },
                      {
                        "Effect": "Allow",
                        "Action": [
                          "logs:PutLogEvents"
                        ],
                        "Resource": [
                          {
                            "Fn::Sub": "arn:${AWS::Partition}:logs:${AWS::Region}:${AWS::AccountId}:log-group:/aws/lambda/auth-server-dev*:*:*"
                          }
                        ]
                      }
                    ]
                  }
                }
              ],
              "Path": "/",
              "RoleName": {
                "Fn::Join": [
                  "-",
                  [
                    "auth-server",
                    "dev",
                    {
                      "Ref": "AWS::Region"
                    },
                    "lambdaRole"
                  ]
                ]
              }
            }
          },
          "GetAuthURLLambdaFunction": {
            "Type": "AWS::Lambda::Function",
            "Properties": {
              "Code": {
                "S3Bucket": {
                  "Ref": "ServerlessDeploymentBucket"
                },
                "S3Key": "serverless/auth-server/dev/1721765707684-2024-07-23T20:15:07.684Z/auth-server.zip"
              },
              "Handler": "handler.getAuthURL",
              "Runtime": "nodejs20.x",
              "FunctionName": "auth-server-dev-getAuthURL",
              "MemorySize": 1024,
              "Timeout": 30,
              "Environment": {
                "Variables": {
                  "CLIENT_ID": "102821349611-ullfn1o9snf6690b6nsp0ied7rm3bmv9.apps.googleusercontent.com",
                  "CLIENT_SECRET": "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",
                  "CALENDAR_ID": "fullstackwebdev@careerfoundry.com"
                }
              },
              "Role": {
                "Fn::GetAtt": [
                  "IamRoleLambdaExecution",
                  "Arn"
                ]
              }
            },
            "DependsOn": [
              "GetAuthURLLogGroup"
            ]
          },
          "GetAccessTokenLambdaFunction": {
            "Type": "AWS::Lambda::Function",
            "Properties": {
              "Code": {
                "S3Bucket": {
                  "Ref": "ServerlessDeploymentBucket"
                },
                "S3Key": "serverless/auth-server/dev/1721765707684-2024-07-23T20:15:07.684Z/auth-server.zip"
              },
              "Handler": "handler.getAccessToken",
              "Runtime": "nodejs20.x",
              "FunctionName": "auth-server-dev-getAccessToken",
              "MemorySize": 1024,
              "Timeout": 30,
              "Environment": {
                "Variables": {
                  "CLIENT_ID": "102821349611-ullfn1o9snf6690b6nsp0ied7rm3bmv9.apps.googleusercontent.com",
                  "CLIENT_SECRET": "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",
                  "CALENDAR_ID": "fullstackwebdev@careerfoundry.com"
                }
              },
              "Role": {
                "Fn::GetAtt": [
                  "IamRoleLambdaExecution",
                  "Arn"
                ]
              }
            },
            "DependsOn": [
              "GetAccessTokenLogGroup"
            ]
          },
          "GetCalendarEventsLambdaFunction": {
            "Type": "AWS::Lambda::Function",
            "Properties": {
              "Code": {
                "S3Bucket": {
                  "Ref": "ServerlessDeploymentBucket"
                },
                "S3Key": "serverless/auth-server/dev/1721765707684-2024-07-23T20:15:07.684Z/auth-server.zip"
              },
              "Handler": "handler.getCalendarEvents",
              "Runtime": "nodejs20.x",
              "FunctionName": "auth-server-dev-getCalendarEvents",
              "MemorySize": 1024,
              "Timeout": 30,
              "Environment": {
                "Variables": {
                  "CLIENT_ID": "102821349611-ullfn1o9snf6690b6nsp0ied7rm3bmv9.apps.googleusercontent.com",
                  "CLIENT_SECRET": "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",
                  "CALENDAR_ID": "fullstackwebdev@careerfoundry.com"
                }
              },
              "Role": {
                "Fn::GetAtt": [
                  "IamRoleLambdaExecution",
                  "Arn"
                ]
              }
            },
            "DependsOn": [
              "GetCalendarEventsLogGroup"
            ]
          },
          "GetAuthURLLambdaVersionu9a3w38OYent94jnfWFjyozmexd8ijWX0TQruiCLGY": {
            "Type": "AWS::Lambda::Version",
            "DeletionPolicy": "Retain",
            "Properties": {
              "FunctionName": {
                "Ref": "GetAuthURLLambdaFunction"
              },
              "CodeSha256": "CW7FRrBopIPez25SxiWCxpNUitmOIRpTzRj6g/bPeM0="
            }
          },
          "GetAccessTokenLambdaVersiontNtp1jDKgIiJsrQbVXLVrj9fzuVSgTlg0zDOf3Dk8U": {
            "Type": "AWS::Lambda::Version",
            "DeletionPolicy": "Retain",
            "Properties": {
              "FunctionName": {
                "Ref": "GetAccessTokenLambdaFunction"
              },
              "CodeSha256": "CW7FRrBopIPez25SxiWCxpNUitmOIRpTzRj6g/bPeM0="
            }
          },
          "GetCalendarEventsLambdaVersionZIcbzRFuJYwInffU4R3taui6cII2GAbTyUl2FlqB4": {
            "Type": "AWS::Lambda::Version",
            "DeletionPolicy": "Retain",
            "Properties": {
              "FunctionName": {
                "Ref": "GetCalendarEventsLambdaFunction"
              },
              "CodeSha256": "CW7FRrBopIPez25SxiWCxpNUitmOIRpTzRj6g/bPeM0="
            }
          },
          "ApiGatewayRestApi": {
            "Type": "AWS::ApiGateway::RestApi",
            "Properties": {
              "Name": "dev-auth-server",
              "EndpointConfiguration": {
                "Types": [
                  "EDGE"
                ]
              },
              "Policy": ""
            }
          },
          "ApiGatewayResourceApi": {
            "Type": "AWS::ApiGateway::Resource",
            "Properties": {
              "ParentId": {
                "Fn::GetAtt": [
                  "ApiGatewayRestApi",
                  "RootResourceId"
                ]
              },
              "PathPart": "api",
              "RestApiId": {
                "Ref": "ApiGatewayRestApi"
              }
            }
          },
          "ApiGatewayResourceApiGetDashauthDashurl": {
            "Type": "AWS::ApiGateway::Resource",
            "Properties": {
              "ParentId": {
                "Ref": "ApiGatewayResourceApi"
              },
              "PathPart": "get-auth-url",
              "RestApiId": {
                "Ref": "ApiGatewayRestApi"
              }
            }
          },
          "ApiGatewayResourceApiToken": {
            "Type": "AWS::ApiGateway::Resource",
            "Properties": {
              "ParentId": {
                "Ref": "ApiGatewayResourceApi"
              },
              "PathPart": "token",
              "RestApiId": {
                "Ref": "ApiGatewayRestApi"
              }
            }
          },
          "ApiGatewayResourceApiTokenCodeVar": {
            "Type": "AWS::ApiGateway::Resource",
            "Properties": {
              "ParentId": {
                "Ref": "ApiGatewayResourceApiToken"
              },
              "PathPart": "{code}",
              "RestApiId": {
                "Ref": "ApiGatewayRestApi"
              }
            }
          },
          "ApiGatewayResourceApiGetDashevents": {
            "Type": "AWS::ApiGateway::Resource",
            "Properties": {
              "ParentId": {
                "Ref": "ApiGatewayResourceApi"
              },
              "PathPart": "get-events",
              "RestApiId": {
                "Ref": "ApiGatewayRestApi"
              }
            }
          },
          "ApiGatewayResourceApiGetDasheventsAccesstokenVar": {
            "Type": "AWS::ApiGateway::Resource",
            "Properties": {
              "ParentId": {
                "Ref": "ApiGatewayResourceApiGetDashevents"
              },
              "PathPart": "{access_token}",
              "RestApiId": {
                "Ref": "ApiGatewayRestApi"
              }
            }
          },
          "ApiGatewayMethodApiGetDashauthDashurlGet": {
            "Type": "AWS::ApiGateway::Method",
            "Properties": {
              "HttpMethod": "GET",
              "RequestParameters": {},
              "ResourceId": {
                "Ref": "ApiGatewayResourceApiGetDashauthDashurl"
              },
              "RestApiId": {
                "Ref": "ApiGatewayRestApi"
              },
              "ApiKeyRequired": false,
              "AuthorizationType": "NONE",
              "Integration": {
                "IntegrationHttpMethod": "POST",
                "Type": "AWS_PROXY",
                "Uri": {
                  "Fn::Join": [
                    "",
                    [
                      "arn:",
                      {
                        "Ref": "AWS::Partition"
                      },
                      ":apigateway:",
                      {
                        "Ref": "AWS::Region"
                      },
                      ":lambda:path/2015-03-31/functions/",
                      {
                        "Fn::GetAtt": [
                          "GetAuthURLLambdaFunction",
                          "Arn"
                        ]
                      },
                      "/invocations"
                    ]
                  ]
                }
              },
              "MethodResponses": []
            },
            "DependsOn": [
              "GetAuthURLLambdaPermissionApiGateway"
            ]
          },
          "ApiGatewayMethodApiTokenCodeVarGet": {
            "Type": "AWS::ApiGateway::Method",
            "Properties": {
              "HttpMethod": "GET",
              "RequestParameters": {},
              "ResourceId": {
                "Ref": "ApiGatewayResourceApiTokenCodeVar"
              },
              "RestApiId": {
                "Ref": "ApiGatewayRestApi"
              },
              "ApiKeyRequired": false,
              "AuthorizationType": "NONE",
              "Integration": {
                "IntegrationHttpMethod": "POST",
                "Type": "AWS_PROXY",
                "Uri": {
                  "Fn::Join": [
                    "",
                    [
                      "arn:",
                      {
                        "Ref": "AWS::Partition"
                      },
                      ":apigateway:",
                      {
                        "Ref": "AWS::Region"
                      },
                      ":lambda:path/2015-03-31/functions/",
                      {
                        "Fn::GetAtt": [
                          "GetAccessTokenLambdaFunction",
                          "Arn"
                        ]
                      },
                      "/invocations"
                    ]
                  ]
                }
              },
              "MethodResponses": []
            },
            "DependsOn": [
              "GetAccessTokenLambdaPermissionApiGateway"
            ]
          },
          "ApiGatewayMethodApiGetDasheventsAccesstokenVarGet": {
            "Type": "AWS::ApiGateway::Method",
            "Properties": {
              "HttpMethod": "GET",
              "RequestParameters": {},
              "ResourceId": {
                "Ref": "ApiGatewayResourceApiGetDasheventsAccesstokenVar"
              },
              "RestApiId": {
                "Ref": "ApiGatewayRestApi"
              },
              "ApiKeyRequired": false,
              "AuthorizationType": "NONE",
              "Integration": {
                "IntegrationHttpMethod": "POST",
                "Type": "AWS_PROXY",
                "Uri": {
                  "Fn::Join": [
                    "",
                    [
                      "arn:",
                      {
                        "Ref": "AWS::Partition"
                      },
                      ":apigateway:",
                      {
                        "Ref": "AWS::Region"
                      },
                      ":lambda:path/2015-03-31/functions/",
                      {
                        "Fn::GetAtt": [
                          "GetCalendarEventsLambdaFunction",
                          "Arn"
                        ]
                      },
                      "/invocations"
                    ]
                  ]
                }
              },
              "MethodResponses": []
            },
            "DependsOn": [
              "GetCalendarEventsLambdaPermissionApiGateway"
            ]
          },
          "ApiGatewayDeployment1721765705484": {
            "Type": "AWS::ApiGateway::Deployment",
            "Properties": {
              "RestApiId": {
                "Ref": "ApiGatewayRestApi"
              },
              "StageName": "dev"
            },
            "DependsOn": [
              "ApiGatewayMethodApiGetDashauthDashurlGet",
              "ApiGatewayMethodApiTokenCodeVarGet",
              "ApiGatewayMethodApiGetDasheventsAccesstokenVarGet"
            ]
          },
          "GetAuthURLLambdaPermissionApiGateway": {
            "Type": "AWS::Lambda::Permission",
            "Properties": {
              "FunctionName": {
                "Fn::GetAtt": [
                  "GetAuthURLLambdaFunction",
                  "Arn"
                ]
              },
              "Action": "lambda:InvokeFunction",
              "Principal": "apigateway.amazonaws.com",
              "SourceArn": {
                "Fn::Join": [
                  "",
                  [
                    "arn:",
                    {
                      "Ref": "AWS::Partition"
                    },
                    ":execute-api:",
                    {
                      "Ref": "AWS::Region"
                    },
                    ":",
                    {
                      "Ref": "AWS::AccountId"
                    },
                    ":",
                    {
                      "Ref": "ApiGatewayRestApi"
                    },
                    "/*/*"
                  ]
                ]
              }
            }
          },
          "GetAccessTokenLambdaPermissionApiGateway": {
            "Type": "AWS::Lambda::Permission",
            "Properties": {
              "FunctionName": {
                "Fn::GetAtt": [
                  "GetAccessTokenLambdaFunction",
                  "Arn"
                ]
              },
              "Action": "lambda:InvokeFunction",
              "Principal": "apigateway.amazonaws.com",
              "SourceArn": {
                "Fn::Join": [
                  "",
                  [
                    "arn:",
                    {
                      "Ref": "AWS::Partition"
                    },
                    ":execute-api:",
                    {
                      "Ref": "AWS::Region"
                    },
                    ":",
                    {
                      "Ref": "AWS::AccountId"
                    },
                    ":",
                    {
                      "Ref": "ApiGatewayRestApi"
                    },
                    "/*/*"
                  ]
                ]
              }
            }
          },
          "GetCalendarEventsLambdaPermissionApiGateway": {
            "Type": "AWS::Lambda::Permission",
            "Properties": {
              "FunctionName": {
                "Fn::GetAtt": [
                  "GetCalendarEventsLambdaFunction",
                  "Arn"
                ]
              },
              "Action": "lambda:InvokeFunction",
              "Principal": "apigateway.amazonaws.com",
              "SourceArn": {
                "Fn::Join": [
                  "",
                  [
                    "arn:",
                    {
                      "Ref": "AWS::Partition"
                    },
                    ":execute-api:",
                    {
                      "Ref": "AWS::Region"
                    },
                    ":",
                    {
                      "Ref": "AWS::AccountId"
                    },
                    ":",
                    {
                      "Ref": "ApiGatewayRestApi"
                    },
                    "/*/*"
                  ]
                ]
              }
            }
          }
        },
        "Outputs": {
          "ServerlessDeploymentBucketName": {
            "Value": {
              "Ref": "ServerlessDeploymentBucket"
            },
            "Export": {
              "Name": "sls-auth-server-dev-ServerlessDeploymentBucketName"
            }
          },
          "GetAuthURLLambdaFunctionQualifiedArn": {
            "Description": "Current Lambda function version",
            "Value": {
              "Ref": "GetAuthURLLambdaVersionu9a3w38OYent94jnfWFjyozmexd8ijWX0TQruiCLGY"
            },
            "Export": {
              "Name": "sls-auth-server-dev-GetAuthURLLambdaFunctionQualifiedArn"
            }
          },
          "GetAccessTokenLambdaFunctionQualifiedArn": {
            "Description": "Current Lambda function version",
            "Value": {
              "Ref": "GetAccessTokenLambdaVersiontNtp1jDKgIiJsrQbVXLVrj9fzuVSgTlg0zDOf3Dk8U"
            },
            "Export": {
              "Name": "sls-auth-server-dev-GetAccessTokenLambdaFunctionQualifiedArn"
            }
          },
          "GetCalendarEventsLambdaFunctionQualifiedArn": {
            "Description": "Current Lambda function version",
            "Value": {
              "Ref": "GetCalendarEventsLambdaVersionZIcbzRFuJYwInffU4R3taui6cII2GAbTyUl2FlqB4"
            },
            "Export": {
              "Name": "sls-auth-server-dev-GetCalendarEventsLambdaFunctionQualifiedArn"
            }
          },
          "ServiceEndpoint": {
            "Description": "URL of the service endpoint",
            "Value": {
              "Fn::Join": [
                "",
                [
                  "https://",
                  {
                    "Ref": "ApiGatewayRestApi"
                  },
                  ".execute-api.",
                  {
                    "Ref": "AWS::Region"
                  },
                  ".",
                  {
                    "Ref": "AWS::URLSuffix"
                  },
                  "/dev"
                ]
              ]
            },
            "Export": {
              "Name": "sls-auth-server-dev-ServiceEndpoint"
            }
          }
        }
      },
      "coreCloudFormationTemplate": {
        "AWSTemplateFormatVersion": "2010-09-09",
        "Description": "The AWS CloudFormation template for this Serverless application",
        "Resources": {
          "ServerlessDeploymentBucket": {
            "Type": "AWS::S3::Bucket",
            "Properties": {
              "BucketEncryption": {
                "ServerSideEncryptionConfiguration": [
                  {
                    "ServerSideEncryptionByDefault": {
                      "SSEAlgorithm": "AES256"
                    }
                  }
                ]
              }
            }
          },
          "ServerlessDeploymentBucketPolicy": {
            "Type": "AWS::S3::BucketPolicy",
            "Properties": {
              "Bucket": {
                "Ref": "ServerlessDeploymentBucket"
              },
              "PolicyDocument": {
                "Statement": [
                  {
                    "Action": "s3:*",
                    "Effect": "Deny",
                    "Principal": "*",
                    "Resource": [
                      {
                        "Fn::Join": [
                          "",
                          [
                            "arn:",
                            {
                              "Ref": "AWS::Partition"
                            },
                            ":s3:::",
                            {
                              "Ref": "ServerlessDeploymentBucket"
                            },
                            "/*"
                          ]
                        ]
                      },
                      {
                        "Fn::Join": [
                          "",
                          [
                            "arn:",
                            {
                              "Ref": "AWS::Partition"
                            },
                            ":s3:::",
                            {
                              "Ref": "ServerlessDeploymentBucket"
                            }
                          ]
                        ]
                      }
                    ],
                    "Condition": {
                      "Bool": {
                        "aws:SecureTransport": false
                      }
                    }
                  }
                ]
              }
            }
          }
        },
        "Outputs": {
          "ServerlessDeploymentBucketName": {
            "Value": {
              "Ref": "ServerlessDeploymentBucket"
            }
          }
        }
      },
      "vpc": {}
    },
    "pluginsData": {},
    "functions": {
      "getAuthURL": {
        "handler": "handler.getAuthURL",
        "events": [
          {
            "http": {
              "path": "api/get-auth-url",
              "method": "get",
              "integration": "AWS_PROXY"
            }
          }
        ],
        "name": "auth-server-dev-getAuthURL",
        "package": {},
        "memory": 1024,
        "timeout": 30,
        "runtime": "nodejs20.x",
        "vpc": {},
        "versionLogicalId": "GetAuthURLLambdaVersionu9a3w38OYent94jnfWFjyozmexd8ijWX0TQruiCLGY"
      },
      "getAccessToken": {
        "handler": "handler.getAccessToken",
        "events": [
          {
            "http": {
              "path": "api/token/{code}",
              "method": "get",
              "integration": "AWS_PROXY"
            }
          }
        ],
        "name": "auth-server-dev-getAccessToken",
        "package": {},
        "memory": 1024,
        "timeout": 30,
        "runtime": "nodejs20.x",
        "vpc": {},
        "versionLogicalId": "GetAccessTokenLambdaVersiontNtp1jDKgIiJsrQbVXLVrj9fzuVSgTlg0zDOf3Dk8U"
      },
      "getCalendarEvents": {
        "handler": "handler.getCalendarEvents",
        "events": [
          {
            "http": {
              "path": "api/get-events/{access_token}",
              "method": "get",
              "integration": "AWS_PROXY"
            }
          }
        ],
        "name": "auth-server-dev-getCalendarEvents",
        "package": {},
        "memory": 1024,
        "timeout": 30,
        "runtime": "nodejs20.x",
        "vpc": {},
        "versionLogicalId": "GetCalendarEventsLambdaVersionZIcbzRFuJYwInffU4R3taui6cII2GAbTyUl2FlqB4"
      }
    },
    "configValidationMode": "warn",
    "serviceFilename": "serverless.yml",
    "initialServerlessConfig": {
      "service": "auth-server",
      "provider": {
        "$ref": "$[\"service\"][\"provider\"]"
      },
      "functions": {
        "$ref": "$[\"service\"][\"functions\"]"
      }
    },
    "appId": null,
    "orgId": null,
    "layers": {},
    "artifact": "C:\\Users\\cleme\\Documents\\Meet\\meet\\auth-server\\.serverless\\auth-server.zip"
  },
  "package": {
    "artifactDirectoryName": "serverless/auth-server/dev/1721765707684-2024-07-23T20:15:07.684Z",
    "artifact": "auth-server.zip"
  }
}